"POS_RK",POS_TIERS,"PLAYER NAME",TEAM,"FAN PTS","REC_TGT","REC","REC_YDS","REC_TDS","RUSH_ATT","RUSH_YDS","RUSH_TDS"
"1",1,"Travis Kelce",KC,"207.76","145","105","1416","11","0","0","0"
"2",1,"George Kittle",SF,"77.1","63","48","634","2","2","17","0"
"3",1,"Darren Waller",LV,"171.6","145","107","1196","9","0","0","0"
"4",2,"Mark Andrews",BAL,"112.1","88","58","701","7","0","0","0"
"5",2,"T.J. Hockenson",DET,"108.3","101","67","723","6","1","0","0"
"6",2,"Kyle Pitts",ATL,"0","0","0","0","0","0","0","0"
"7",2,"Dallas Goedert",PHI,"70.4","65","46","524","3","0","0","0"
"8",2,"Noah Fant",DEN,"87.3","93","62","673","3","0","0","0"
"9",2,"Robert Tonyan",GB,"124.6","59","52","586","11","0","0","0"
"10",3,"Tyler Higbee",LAR,"84.2","60","44","521","5","1","1","0"
"11",3,"Mike Gesicki",MIA,"106.3","85","53","703","6","0","0","0"
"12",3,"Logan Thomas",WAS,"104.62","110","72","670","6","3","5","0"
"13",3,"Irv Smith Jr.",MIN,"68.5","43","30","365","5","0","0","0"
"14",3,"Rob Gronkowski",TB,"104.3","77","45","623","7","0","0","0"
"15",3,"Jonnu Smith",NE,"99.2","65","41","448","8","2","4","1"
"16",4,"Hunter Henry",NE,"85.3","93","60","613","4","0","0","0"
"17",4,"Evan Engram",NYG,"78","109","63","654","1","6","26","1"
"18",4,"Blake Jarwin",DAL,"1.2","1","1","12","0","0","0","0"
"19",4,"Adam Trautman",NO,"23.1","16","15","171","1","0","0","0"
"20",4,"Jared Cook",LAC,"90.4","60","37","504","7","0","0","0"
"21",4,"Austin Hooper",CLE,"67.5","70","46","435","4","0","0","0"
"22",4,"Cole Kmet",CHI,"34","44","28","243","2","1","-3","0"
"23",4,"Gerald Everett",SEA,"51.9","62","41","417","1","1","2","1"
"24",4,"Eric Ebron",PIT,"85.8","91","56","558","5","0","0","0"
"25",4,"Zach Ertz",PHI,"41.5","72","36","335","1","0","0","0"
"26",4,"Anthony Firkser",TEN,"44.7","53","39","387","1","0","0","0"
"27",4,"Dawson Knox",BUF,"42.8","44","24","288","3","0","0","0"
"28",5,"Hayden Hurst",ATL,"93.1","88","56","571","6","0","0","0"
"29",5,"O.J. Howard",TB,"26.6","19","11","146","2","0","0","0"
"30",5,"Dan Arnold",CAR,"65.8","45","31","438","4","0","0","0"
"31",5,"Chris Herndon IV",NYJ,"42.7","46","31","287","3","0","0","0"
"32",5,"Jack Doyle",IND,"41.1","33","23","251","3","0","0","0"
"33",5,"Jimmy Graham",CHI,"93.6","76","50","456","8","0","0","0"
"34",5,"Kyle Rudolph",NYG,"37.4","37","28","334","1","0","0","0"
"35",6,"Ian Thomas",CAR,"20.5","31","20","145","1","0","0","0"
"36",6,"Dalton Schultz",DAL,"83.5","89","63","615","4","0","0","0"
"37",6,"Will Dissly",SEA,"37.1","29","24","251","2","0","0","0"
"38",6,"Mo Alie-Cox",IND,"49.4","39","31","394","2","0","0","0"
"39",6,"Jordan Akins",HOU,"46.7","49","37","403","1","1","4","0"
"40",6,"David Njoku",CLE,"33.3","29","19","213","2","0","0","0"
"41",6,"Donald Parham Jr.",LAC,"33.9","20","10","159","3","0","0","0"
"42",6,"Harrison Bryant",CLE,"37.8","38","24","238","3","0","0","0"
"43",6,"C.J. Uzomah",CIN,"14.7","11","8","87","1","0","0","0"
"44",6,"Pat Freiermuth",PIT,"0","0","0","0","0","0","0","0"
"45",6,"Drew Sample",CIN,"38.9","53","40","349","1","0","0","0"
"46",6,"Albert Okwuegbunam",DEN,"18.1","15","11","121","1","0","0","0"
"47",7,"Tyler Conklin",MIN,"25.4","26","19","194","1","0","0","0"
"48",7,"Cameron Brate",TB,"40.2","34","28","282","2","0","0","0"
"49",7,"Tyler Eifert",FA,"46.9","60","36","349","2","0","0","0"
"50",7,"Jacob Hollister",BUF,"40.9","40","25","209","3","0","0","0"
"51",7,"Brevin Jordan",HOU,"0","0","0","0","0","0","0","0"
"52",7,"Foster Moreau",LV,"26","9","7","140","2","0","0","0"
"53",7,"Maxx Williams",ARI,"16.2","10","8","102","1","0","0","0"
"54",7,"Hunter Long",MIA,"0","0","0","0","0","0","0","0"
"55",7,"Geoff Swaim",TEN,"14.3","12","9","83","1","0","0","0"
"56",7,"James O'Shaughnessy",JAC,"26.2","38","28","262","0","0","0","0"
"57",7,"Jace Sternberger",GB,"17.4","15","12","114","1","0","0","0"
"58",7,"Darren Fells",DET,"55.2","28","21","312","4","0","0","0"
"59",7,"Ryan Griffin",NYJ,"8.6","12","9","86","0","0","0","0"
"60",7,"Brycen Hopkins",LAR,"0","0","0","0","0","0","0","0"
"61",7,"Tommy Tremble",CAR,"0","0","0","0","0","0","0","0"
"62",8,"Jacob Harris",LAR,"0","0","0","0","0","0","0","0"
"63",8,"Kahale Warring",HOU,"3.5","7","3","35","0","0","0","0"
"64",8,"Tyler Kroft",NYJ,"29.9","16","12","119","3","0","0","0"
"65",8,"Kylen Granson",IND,"0","0","0","0","0","0","0","0"
"66",8,"Tim Tebow",JAC,"0","0","0","0","0","0","0","0"
"67",8,"Noah Gray",KC,"0","0","0","0","0","0","0","0"
"68",8,"Josh Oliver",BAL,"0","0","0","0","0","0","0","0"
"69",8,"Nick Boyle",BAL,"23.3","17","14","113","2","0","0","0"
"70",8,"Trey Burton",FA,"55.3","47","28","250","3","2","3","2"
"71",8,"Richard Rodgers",PHI,"46.5","31","24","345","2","0","0","0"
"72",8,"Tre' McKitty",LAC,"0","0","0","0","0","0","0","0"
"73",8,"Nick Vannett",NO,"15.5","21","14","95","1","0","0","0"
"74",8,"Adam Shaheen",MIA,"33","22","12","150","3","0","0","0"
"75",8,"Ross Dwelley",SF,"30.5","24","19","245","1","0","0","0"
"76",8,"Devin Asiasi",NE,"9.9","7","2","39","1","0","0","0"
"77",9,"Chris Manhertz",JAC,"5.2","8","6","52","0","0","0","0"
"78",9,"Hunter Bryant",DET,"4.4","3","1","44","0","0","0","0"
"79",9,"Kenny Yeboah",NYJ,"0","0","0","0","0","0","0","0"
"80",9,"Darrell Daniels",ARI,"15.2","11","8","92","1","0","0","0"
"81",9,"Marcedes Lewis",GB,"28.7","17","10","107","3","0","0","0"
"82",9,"Josiah Deguara",GB,"1.2","2","1","12","0","0","0","0"
"83",9,"John Bates",WAS,"0","0","0","0","0","0","0","0"
"84",9,"Colby Parkinson",SEA,"1.6","2","2","16","0","0","0","0"
"85",9,"Blake Bell",KC,"11.2","15","11","110","0","1","2","0"
"86",9,"Pharaoh Brown",HOU,"28.3","16","14","163","2","0","0","0"
"87",9,"Johnny Mundt",LAR,"5.3","4","4","53","0","0","0","0"
"88",9,"Durham Smythe",MIA,"32.8","29","26","208","2","0","0","0"
"89",9,"Ryan Izzo",HOU,"17.9","20","13","199","0","0","0","0"
"90",9,"Nick Keizer",KC,"4.3","10","6","63","0","0","0","0"
"91",9,"Jared Pinkney",TEN,"0","0","0","0","0","0","0","0"
"92",9,"Luke Farrell",JAC,"0","0","0","0","0","0","0","0"
"93",9,"Jeremy Sprinkle",DAL,"0.6","3","1","6","0","0","0","0"
"94",9,"Dalton Keene",NE,"1.6","5","3","16","0","0","0","0"
"95",9,"Jaeden Graham",ATL,"2.5","5","3","25","0","0","0","0"
"96",9,"Thaddeus Moss",CIN,"0","0","0","0","0","0","0","0"
"97",9,"Zach Davidson",MIN,"0","0","0","0","0","0","0","0"
"98",9,"Tommy Sweeney",BUF,"0","0","0","0","0","0","0","0"
"99",10,"Hunter Thedford",DET,"0","0","0","0","0","0","0","0"
"100",10,"Charlie Woerner",SF,"3.6","4","3","36","0","0","0","0"
"101",10,"Ethan Wolf",NO,"0","0","0","0","0","0","0","0"
"102",10,"Garrett Griffin",NO,"0","0","0","0","0","0","0","0"
"103",10,"Tyler Davis",JAC,"0","2","0","0","0","0","0","0"
"104",10,"Jordan Thomas",IND,"6.3","2","1","3","1","0","0","0"
"105",10,"Kaden Smith",NYG,"11.2","21","18","112","0","0","0","0"
"106",10,"Derek Carrier",LV,"1.4","1","1","14","0","0","0","0"
"107",10,"Ricky Seals-Jones",WAS,"0","1","0","0","0","0","0","0"
"108",10,"Caleb Wilson",PHI,"0","0","0","0","0","0","0","0"
"109",10,"Jason Croom",PHI,"6.3","1","1","3","1","0","0","0"
"110",10,"Ross Travis",ARI,"0","0","0","0","0","0","0","0"
"111",10,"Stephen Anderson",LAC,"10.6","11","8","106","0","0","0","0"
"112",10,"Austin Fort",DEN,"0","0","0","0","0","0","0","0"
"113",10,"Tyler Mabry",SEA,"0","0","0","0","0","0","0","0"
"114",10,"Brandon Dillon",MIN,"0.6","1","1","6","0","0","0","0"
"115",10,"Lee Smith",ATL,"15.5","6","4","35","2","0","0","0"
"116",10,"Stephen Sullivan",CAR,"0","0","0","0","0","0","0","0"
"117",10,"Zach Gentry",PIT,"0","0","0","0","0","0","0","0"
"118",10,"Stephen Carlson",CLE,"3.1","2","1","11","0","0","0","0"
"119",10,"J.P. Holtz",CHI,"0","1","0","0","0","0","0","0"
"120",11,"Mason Schreck",CIN,"0","1","0","0","0","0","0","0"
"121",11,"Daniel Brown",NYJ,"3.1","2","2","31","0","0","0","0"
"122",11,"Tanner Hudson",TB,"4.1","7","3","41","0","0","0","0"
"123",11,"Temarrick Hemingway",WAS,"1","2","1","10","0","0","0","0"